{"id": "d0979ca7-f3e1-49c6-ac50-9aa406fe9ffe", "name": "Prototyper demo", "views": [{"id": 1, "name": "main-view", "path": "/home/mikko/Workspace/IDEA/Gui-Prototyper/data/views/Prototyper demo/main-view.png", "region": null, "links": [{"area": {"position": {"x": 0.013177159590043924, "y": 0.29398148148148145}, "size": {"width": 0.47730600292825764, "height": 0.6979166666666667}}, "targetId": 4}]}, {"id": 4, "name": "main-view-sub", "path": "/home/mikko/Workspace/IDEA/Gui-Prototyper/data/views/Prototyper demo/main-view.png", "region": {"position": {"x": 0.013177159590043924, "y": 0.29398148148148145}, "size": {"width": 0.47730600292825764, "height": 0.6979166666666667}}, "links": [{"area": {"position": {"x": 0.139186295503212, "y": 0.7418981481481481}, "size": {"width": 0.511777301927195, "height": 0.08912037037037035}}, "targetId": 1}]}, {"id": 6, "name": "Add link", "path": "/home/mikko/Workspace/IDEA/Gui-Prototyper/data/views/Prototyper demo/edit-view.png", "region": {"position": {"x": 0.05794392523364486, "y": 0.7476851851851852}, "size": {"width": 0.4803738317757009, "height": 0.16435185185185186}}, "links": []}]}